demand_id,clinic_id,medicine_id,medicine_name,form,current_stock,daily_demand,required_quantity,shortage_quantity,priority
D0001,N004,MED007,Cetirizine 10mg,Tablet,3,20,560,557,High
D0002,N004,MED012,Ibuprofen 400mg,Tablet,9,11,330,321,Critical
D0003,N004,MED006,Omeprazole 20mg,Capsule,30,7,119,89,Normal
D0004,N004,MED001,Paracetamol 500mg,Tablet,18,7,126,108,High
D0005,N004,MED010,Salbutamol 4mg,Tablet,30,15,165,135,Critical
D0006,N004,MED009,Insulin Regular,Injection,22,5,80,58,Critical
D0007,N004,MED003,Azithromycin 500mg,Tablet,12,13,143,131,Critical
D0008,N006,MED011,Doxycycline 100mg,Capsule,0,14,224,224,Normal
D0009,N006,MED012,Ibuprofen 400mg,Tablet,30,9,153,123,High
D0010,N006,MED007,Cetirizine 10mg,Tablet,6,10,110,104,Normal
D0011,N006,MED009,Insulin Regular,Injection,2,12,120,118,Critical
D0012,N006,MED006,Omeprazole 20mg,Capsule,24,20,600,576,Critical
D0013,N010,MED011,Doxycycline 100mg,Capsule,4,8,96,92,Critical
D0014,N010,MED006,Omeprazole 20mg,Capsule,24,8,240,216,High
D0015,N010,MED010,Salbutamol 4mg,Tablet,1,16,288,287,Critical
D0016,N010,MED003,Azithromycin 500mg,Tablet,23,10,210,187,Critical
D0017,N010,MED007,Cetirizine 10mg,Tablet,9,17,238,229,Critical
D0018,N012,MED005,Amlodipine 5mg,Tablet,24,12,228,204,Critical
D0019,N012,MED008,ORS Sachet,Sachet,16,16,192,176,Normal
D0020,N012,MED004,Metformin 500mg,Tablet,25,7,105,80,Normal
D0021,N012,MED006,Omeprazole 20mg,Capsule,20,18,324,304,Critical
D0022,N012,MED011,Doxycycline 100mg,Capsule,29,6,174,145,Critical
D0023,N012,MED010,Salbutamol 4mg,Tablet,27,6,96,69,Normal
D0024,N015,MED005,Amlodipine 5mg,Tablet,30,10,210,180,High
D0025,N015,MED008,ORS Sachet,Sachet,29,3,60,31,Normal
D0026,N015,MED009,Insulin Regular,Injection,12,19,342,330,Normal
D0027,N015,MED003,Azithromycin 500mg,Tablet,12,5,90,78,Normal
D0028,N015,MED007,Cetirizine 10mg,Tablet,0,13,130,130,Critical
D0029,N015,MED001,Paracetamol 500mg,Tablet,20,13,143,123,Normal
D0030,N019,MED005,Amlodipine 5mg,Tablet,19,3,27,8,Normal
D0031,N019,MED008,ORS Sachet,Sachet,8,9,99,91,Critical
D0032,N019,MED003,Azithromycin 500mg,Tablet,30,19,380,350,Normal
D0033,N019,MED011,Doxycycline 100mg,Capsule,24,12,168,144,High
D0034,N019,MED009,Insulin Regular,Injection,3,4,56,53,High
