batch_id,medicine_id,medicine_name,batch_number,node_id,quantity,unit_price_inr,manufacturing_date,expiry_date,batch_status
B0001,MED002,Amoxicillin 500mg,BT0001,N001,444,176.68,2024-11-24,2026-01-28,Expired
B0002,MED001,Paracetamol 500mg,BT0002,N001,61,308.69,2025-04-04,2026-12-17,Available
B0003,MED012,Ibuprofen 400mg,BT0003,N001,398,57.31,2026-04-01,2027-12-30,Available
B0004,MED003,Azithromycin 500mg,BT0004,N001,514,9.43,2025-05-08,2026-10-16,Available
B0005,MED009,Insulin Regular,BT0005,N001,562,344.79,2024-07-18,2026-04-13,Expired
B0006,MED007,Cetirizine 10mg,BT0006,N001,355,380.02,2025-02-23,2026-06-11,Expired
B0007,MED006,Omeprazole 20mg,BT0007,N001,206,173.27,2025-02-23,2026-09-14,Expired
B0008,MED004,Metformin 500mg,BT0008,N001,381,223.96,2026-02-12,2027-02-12,Available
B0009,MED006,Omeprazole 20mg,BT0009,N002,137,331.5,2024-12-24,2026-03-14,Expired
B0010,MED005,Amlodipine 5mg,BT0010,N002,595,346.5,2024-04-13,2025-06-22,Expired
B0011,MED004,Metformin 500mg,BT0011,N002,219,125.16,2026-03-18,2028-07-16,Available
B0012,MED001,Paracetamol 500mg,BT0012,N002,266,418.58,2024-11-13,2027-01-20,Available
B0013,MED010,Salbutamol 4mg,BT0013,N002,369,184.35,2024-06-14,2026-01-05,Expired
B0014,MED008,ORS Sachet,BT0014,N003,285,268.09,2025-08-15,2026-09-05,Expired
B0015,MED009,Insulin Regular,BT0015,N003,110,109.19,2026-07-20,2027-09-30,Available
B0016,MED012,Ibuprofen 400mg,BT0016,N003,122,235.26,2026-06-25,2028-05-28,Available
B0017,MED002,Amoxicillin 500mg,BT0017,N003,269,246.34,2025-10-15,2028-02-24,Available
B0018,MED004,Metformin 500mg,BT0018,N003,298,354.8,2024-07-17,2026-11-13,Available
B0019,MED011,Doxycycline 100mg,BT0019,N003,244,49.69,2024-04-22,2026-06-12,Expired
B0020,MED001,Paracetamol 500mg,BT0020,N003,412,195.22,2024-09-21,2026-12-06,Available
B0021,MED012,Ibuprofen 400mg,BT0021,N005,244,245.04,2025-11-15,2027-05-30,Available
B0022,MED001,Paracetamol 500mg,BT0022,N005,237,131.12,2026-03-06,2028-05-11,Available
B0023,MED002,Amoxicillin 500mg,BT0023,N005,503,365.15,2025-11-14,2027-01-30,Available
B0024,MED011,Doxycycline 100mg,BT0024,N005,101,296.25,2025-01-10,2026-04-20,Expired
B0025,MED007,Cetirizine 10mg,BT0025,N005,145,417.45,2025-01-20,2026-02-04,Expired
B0026,MED006,Omeprazole 20mg,BT0026,N005,466,222.65,2025-11-27,2027-05-16,Available
B0027,MED003,Azithromycin 500mg,BT0027,N005,110,80.77,2025-12-21,2028-02-04,Available
B0028,MED009,Insulin Regular,BT0028,N005,321,417.52,2026-07-25,2028-08-27,Available
B0029,MED005,Amlodipine 5mg,BT0029,N007,371,33.27,2026-05-29,2027-07-30,Available
B0030,MED007,Cetirizine 10mg,BT0030,N007,564,414.37,2024-12-06,2027-04-08,Available
B0031,MED009,Insulin Regular,BT0031,N007,108,432.66,2025-01-30,2026-07-10,Expired
B0032,MED008,ORS Sachet,BT0032,N007,120,271.01,2026-05-06,2027-11-12,Available
B0033,MED003,Azithromycin 500mg,BT0033,N007,463,60.99,2024-09-04,2026-05-02,Expired
B0034,MED002,Amoxicillin 500mg,BT0034,N007,90,281.77,2024-12-21,2026-08-30,Expired
B0035,MED010,Salbutamol 4mg,BT0035,N007,373,421.14,2025-05-24,2027-11-10,Available
B0036,MED011,Doxycycline 100mg,BT0036,N007,294,125.4,2025-12-30,2027-11-16,Available
B0037,MED011,Doxycycline 100mg,BT0037,N008,519,282.55,2026-05-14,2027-05-23,Available
B0038,MED012,Ibuprofen 400mg,BT0038,N008,125,245.63,2024-12-28,2026-04-09,Expired
B0039,MED005,Amlodipine 5mg,BT0039,N008,185,420.5,2025-02-24,2026-11-22,Available
B0040,MED008,ORS Sachet,BT0040,N008,428,133.96,2026-05-18,2028-01-23,Available
B0041,MED006,Omeprazole 20mg,BT0041,N008,591,11.46,2025-05-05,2027-03-10,Available
B0042,MED007,Cetirizine 10mg,BT0042,N008,156,423.01,2024-04-12,2026-02-12,Expired
B0043,MED005,Amlodipine 5mg,BT0043,N009,401,97.99,2025-10-12,2027-05-15,Available
B0044,MED002,Amoxicillin 500mg,BT0044,N009,567,223.93,2024-10-16,2026-07-13,Expired
B0045,MED011,Doxycycline 100mg,BT0045,N009,483,374.57,2026-06-05,2027-09-07,Available
B0046,MED009,Insulin Regular,BT0046,N009,391,348.83,2026-06-12,2027-06-15,Available
B0047,MED003,Azithromycin 500mg,BT0047,N009,215,335.62,2024-10-13,2026-07-08,Expired
B0048,MED008,ORS Sachet,BT0048,N009,59,57.45,2025-01-09,2027-03-22,Available
B0049,MED009,Insulin Regular,BT0049,N013,365,169.18,2026-03-19,2027-04-30,Available
B0050,MED001,Paracetamol 500mg,BT0050,N013,416,100.85,2024-05-03,2025-06-12,Expired
B0051,MED006,Omeprazole 20mg,BT0051,N013,412,352.81,2025-11-14,2027-02-27,Available
B0052,MED012,Ibuprofen 400mg,BT0052,N013,292,390.16,2025-06-06,2026-11-11,Available
B0053,MED003,Azithromycin 500mg,BT0053,N013,472,18.96,2024-04-29,2025-10-27,Expired
B0054,MED004,Metformin 500mg,BT0054,N013,471,362.59,2024-07-03,2026-06-08,Expired
B0055,MED005,Amlodipine 5mg,BT0055,N014,254,368.93,2025-04-02,2026-11-15,Available
B0056,MED003,Azithromycin 500mg,BT0056,N014,362,370.68,2025-04-12,2027-04-05,Available
B0057,MED002,Amoxicillin 500mg,BT0057,N014,74,299.73,2025-12-06,2027-07-22,Available
B0058,MED007,Cetirizine 10mg,BT0058,N014,335,390.04,2025-06-14,2027-05-16,Available
B0059,MED001,Paracetamol 500mg,BT0059,N014,409,291.53,2024-05-27,2026-03-08,Expired
B0060,MED009,Insulin Regular,BT0060,N014,78,58.98,2025-06-13,2027-05-18,Available
B0061,MED003,Azithromycin 500mg,BT0061,N016,496,275.94,2025-08-08,2027-06-25,Available
B0062,MED010,Salbutamol 4mg,BT0062,N016,444,405.58,2025-02-19,2026-06-17,Expired
B0063,MED005,Amlodipine 5mg,BT0063,N016,95,321.28,2026-01-14,2027-10-01,Available
B0064,MED001,Paracetamol 500mg,BT0064,N016,251,168.99,2026-07-26,2029-01-08,Available
B0065,MED002,Amoxicillin 500mg,BT0065,N016,371,301.22,2026-05-17,2028-04-19,Available
B0066,MED011,Doxycycline 100mg,BT0066,N016,569,144.7,2026-03-22,2028-01-23,Available
B0067,MED004,Metformin 500mg,BT0067,N016,462,316.17,2025-06-04,2027-05-04,Available
B0068,MED004,Metformin 500mg,BT0068,N017,361,134.82,2025-01-12,2026-01-12,Expired
B0069,MED007,Cetirizine 10mg,BT0069,N017,526,203.27,2025-05-13,2027-04-07,Available
B0070,MED011,Doxycycline 100mg,BT0070,N017,573,217.15,2024-09-04,2026-04-10,Expired
B0071,MED003,Azithromycin 500mg,BT0071,N017,136,133.43,2024-05-03,2025-10-23,Expired
B0072,MED005,Amlodipine 5mg,BT0072,N017,145,369.74,2024-09-16,2026-08-25,Expired
B0073,MED012,Ibuprofen 400mg,BT0073,N017,367,107.29,2024-06-18,2026-02-13,Expired
B0074,MED003,Azithromycin 500mg,BT0074,N018,516,191.18,2024-06-01,2025-08-14,Expired
B0075,MED001,Paracetamol 500mg,BT0075,N018,443,226.51,2024-10-21,2026-05-08,Expired
B0076,MED011,Doxycycline 100mg,BT0076,N018,55,402.56,2025-11-20,2027-04-20,Available
B0077,MED004,Metformin 500mg,BT0077,N018,485,104.73,2024-05-30,2025-09-16,Expired
B0078,MED008,ORS Sachet,BT0078,N018,525,30.2,2024-04-25,2026-10-07,Available
B0079,MED005,Amlodipine 5mg,BT0079,N018,517,66.94,2025-11-14,2027-03-18,Available
B0080,MED011,Doxycycline 100mg,BT0080,N020,212,336.7,2025-05-17,2027-08-16,Available
B0081,MED009,Insulin Regular,BT0081,N020,315,340.29,2025-03-28,2027-07-01,Available
B0082,MED012,Ibuprofen 400mg,BT0082,N020,583,222.19,2024-10-13,2026-07-23,Expired
B0083,MED006,Omeprazole 20mg,BT0083,N020,500,42.25,2025-11-25,2027-09-02,Available
B0084,MED008,ORS Sachet,BT0084,N020,328,156.44,2025-10-08,2027-06-05,Available
B0085,MED005,Amlodipine 5mg,BT0085,N020,191,74.67,2025-01-20,2026-04-12,Expired
B0086,MED010,Salbutamol 4mg,BT0086,N020,269,36.39,2025-06-30,2026-12-03,Available
B0087,MED007,Cetirizine 10mg,BT0087,N020,527,191.77,2025-06-05,2027-05-09,Available
