sale_id,sale_date,pharmacy_id,batch_id,medicine_id,medicine_name,quantity_sold,unit_price_inr,total_amount_inr
S00001,2026-08-03,N007,B0032,MED008,ORS Sachet,14,271.01,3794.14
S00002,2026-06-17,N016,B0065,MED002,Amoxicillin 500mg,25,301.22,7530.5
S00003,2026-04-28,N018,B0076,MED011,Doxycycline 100mg,23,402.56,9258.88
S00004,2026-09-19,N005,B0027,MED003,Azithromycin 500mg,25,80.77,2019.25
S00005,2026-04-30,N005,B0023,MED002,Amoxicillin 500mg,13,365.15,4746.95
S00006,2026-05-25,N005,B0022,MED001,Paracetamol 500mg,1,131.12,131.12
S00007,2026-06-26,N016,B0066,MED011,Doxycycline 100mg,10,144.7,1447.0
S00008,2026-06-17,N016,B0064,MED001,Paracetamol 500mg,14,168.99,2365.86
S00009,2026-05-10,N003,B0020,MED001,Paracetamol 500mg,24,195.22,4685.28
S00010,2026-05-08,N002,B0012,MED001,Paracetamol 500mg,20,418.58,8371.6
S00011,2026-07-30,N008,B0041,MED006,Omeprazole 20mg,16,11.46,183.36
S00012,2026-07-30,N005,B0026,MED006,Omeprazole 20mg,9,222.65,2003.85
S00013,2026-06-05,N014,B0055,MED005,Amlodipine 5mg,16,368.93,5902.88
S00014,2026-09-17,N001,B0008,MED004,Metformin 500mg,13,223.96,2911.48
S00015,2026-06-30,N020,B0081,MED009,Insulin Regular,22,340.29,7486.38
S00016,2026-04-04,N008,B0040,MED008,ORS Sachet,13,133.96,1741.48
S00017,2026-08-13,N001,B0008,MED004,Metformin 500mg,15,223.96,3359.4
S00018,2026-08-23,N005,B0023,MED002,Amoxicillin 500mg,20,365.15,7303.0
S00019,2026-05-11,N016,B0061,MED003,Azithromycin 500mg,1,275.94,275.94
S00020,2026-06-16,N017,B0069,MED007,Cetirizine 10mg,19,203.27,3862.13
S00021,2026-05-03,N013,B0051,MED006,Omeprazole 20mg,22,352.81,7761.82
S00022,2026-09-18,N020,B0080,MED011,Doxycycline 100mg,3,336.7,1010.1
S00023,2026-04-13,N002,B0011,MED004,Metformin 500mg,14,125.16,1752.24
S00024,2026-08-21,N007,B0035,MED010,Salbutamol 4mg,15,421.14,6317.1
S00025,2026-08-09,N016,B0066,MED011,Doxycycline 100mg,2,144.7,289.4
S00026,2026-07-20,N020,B0080,MED011,Doxycycline 100mg,13,336.7,4377.1
S00027,2026-07-03,N005,B0022,MED001,Paracetamol 500mg,7,131.12,917.84
S00028,2026-05-31,N017,B0069,MED007,Cetirizine 10mg,11,203.27,2235.97
S00029,2026-06-30,N020,B0084,MED008,ORS Sachet,25,156.44,3911.0
S00030,2026-06-19,N020,B0086,MED010,Salbutamol 4mg,9,36.39,327.51
S00031,2026-06-09,N018,B0076,MED011,Doxycycline 100mg,9,402.56,3623.04
S00032,2026-09-04,N013,B0052,MED012,Ibuprofen 400mg,16,390.16,6242.56
S00033,2026-09-20,N003,B0016,MED012,Ibuprofen 400mg,24,235.26,5646.24
S00034,2026-05-09,N014,B0058,MED007,Cetirizine 10mg,2,390.04,780.08
S00035,2026-06-27,N008,B0039,MED005,Amlodipine 5mg,8,420.5,3364.0
S00036,2026-04-11,N009,B0045,MED011,Doxycycline 100mg,3,374.57,1123.71
S00037,2026-04-11,N018,B0078,MED008,ORS Sachet,2,30.2,60.4
S00038,2026-09-17,N018,B0079,MED005,Amlodipine 5mg,8,66.94,535.52
S00039,2026-08-04,N008,B0041,MED006,Omeprazole 20mg,1,11.46,11.46
S00040,2026-04-18,N016,B0065,MED002,Amoxicillin 500mg,5,301.22,1506.1
S00041,2026-07-25,N001,B0002,MED001,Paracetamol 500mg,5,308.69,1543.45
S00042,2026-05-26,N005,B0023,MED002,Amoxicillin 500mg,22,365.15,8033.3
S00043,2026-08-26,N020,B0080,MED011,Doxycycline 100mg,19,336.7,6397.3
S00044,2026-07-31,N016,B0063,MED005,Amlodipine 5mg,15,321.28,4819.2
S00045,2026-03-29,N013,B0049,MED009,Insulin Regular,9,169.18,1522.62
S00046,2026-06-22,N020,B0084,MED008,ORS Sachet,6,156.44,938.64
S00047,2026-04-22,N017,B0069,MED007,Cetirizine 10mg,20,203.27,4065.4
S00048,2026-08-26,N007,B0030,MED007,Cetirizine 10mg,25,414.37,10359.25
S00049,2026-08-14,N013,B0049,MED009,Insulin Regular,10,169.18,1691.8
S00050,2026-08-28,N002,B0012,MED001,Paracetamol 500mg,19,418.58,7953.02
S00051,2026-09-18,N005,B0028,MED009,Insulin Regular,10,417.52,4175.2
S00052,2026-04-30,N016,B0067,MED004,Metformin 500mg,22,316.17,6955.74
S00053,2026-06-20,N003,B0018,MED004,Metformin 500mg,13,354.8,4612.4
S00054,2026-08-05,N018,B0076,MED011,Doxycycline 100mg,3,402.56,1207.68
S00055,2026-04-26,N009,B0048,MED008,ORS Sachet,23,57.45,1321.35
S00056,2026-04-17,N014,B0057,MED002,Amoxicillin 500mg,8,299.73,2397.84
S00057,2026-08-29,N018,B0076,MED011,Doxycycline 100mg,23,402.56,9258.88
S00058,2026-07-09,N020,B0084,MED008,ORS Sachet,22,156.44,3441.68
S00059,2026-04-24,N013,B0049,MED009,Insulin Regular,4,169.18,676.72
S00060,2026-05-03,N009,B0046,MED009,Insulin Regular,2,348.83,697.66
S00061,2026-06-28,N008,B0039,MED005,Amlodipine 5mg,18,420.5,7569.0
S00062,2026-06-07,N002,B0011,MED004,Metformin 500mg,22,125.16,2753.52
S00063,2026-06-22,N018,B0079,MED005,Amlodipine 5mg,3,66.94,200.82
S00064,2026-05-18,N007,B0030,MED007,Cetirizine 10mg,21,414.37,8701.77
S00065,2026-06-29,N014,B0058,MED007,Cetirizine 10mg,1,390.04,390.04
S00066,2026-06-09,N007,B0035,MED010,Salbutamol 4mg,16,421.14,6738.24
S00067,2026-08-28,N001,B0004,MED003,Azithromycin 500mg,14,9.43,132.02
S00068,2026-06-24,N009,B0046,MED009,Insulin Regular,21,348.83,7325.43
S00069,2026-05-30,N007,B0029,MED005,Amlodipine 5mg,23,33.27,765.21
S00070,2026-08-16,N003,B0020,MED001,Paracetamol 500mg,14,195.22,2733.08
S00071,2026-08-10,N007,B0032,MED008,ORS Sachet,24,271.01,6504.24
S00072,2026-05-14,N020,B0080,MED011,Doxycycline 100mg,21,336.7,7070.7
S00073,2026-07-17,N003,B0020,MED001,Paracetamol 500mg,20,195.22,3904.4
S00074,2026-05-10,N008,B0037,MED011,Doxycycline 100mg,25,282.55,7063.75
S00075,2026-05-24,N005,B0021,MED012,Ibuprofen 400mg,15,245.04,3675.6
S00076,2026-06-05,N016,B0065,MED002,Amoxicillin 500mg,24,301.22,7229.28
S00077,2026-04-26,N018,B0079,MED005,Amlodipine 5mg,9,66.94,602.46
S00078,2026-07-04,N018,B0078,MED008,ORS Sachet,8,30.2,241.6
S00079,2026-09-02,N007,B0036,MED011,Doxycycline 100mg,9,125.4,1128.6
S00080,2026-06-01,N016,B0067,MED004,Metformin 500mg,8,316.17,2529.36
S00081,2026-05-29,N013,B0049,MED009,Insulin Regular,19,169.18,3214.42
S00082,2026-04-21,N008,B0041,MED006,Omeprazole 20mg,22,11.46,252.12
S00083,2026-06-19,N001,B0002,MED001,Paracetamol 500mg,11,308.69,3395.59
S00084,2026-09-17,N002,B0011,MED004,Metformin 500mg,16,125.16,2002.56
S00085,2026-07-03,N008,B0037,MED011,Doxycycline 100mg,6,282.55,1695.3
S00086,2026-05-23,N020,B0086,MED010,Salbutamol 4mg,7,36.39,254.73
S00087,2026-06-26,N005,B0026,MED006,Omeprazole 20mg,9,222.65,2003.85
S00088,2026-06-29,N014,B0060,MED009,Insulin Regular,9,58.98,530.82
S00089,2026-04-25,N007,B0032,MED008,ORS Sachet,23,271.01,6233.23
S00090,2026-07-16,N008,B0037,MED011,Doxycycline 100mg,18,282.55,5085.9
S00091,2026-09-22,N007,B0032,MED008,ORS Sachet,17,271.01,4607.17
S00092,2026-08-07,N016,B0066,MED011,Doxycycline 100mg,3,144.7,434.1
S00093,2026-07-25,N003,B0015,MED009,Insulin Regular,24,109.19,2620.56
S00094,2026-06-12,N016,B0067,MED004,Metformin 500mg,16,316.17,5058.72
S00095,2026-05-05,N002,B0012,MED001,Paracetamol 500mg,25,418.58,10464.5
S00096,2026-07-25,N016,B0067,MED004,Metformin 500mg,23,316.17,7271.91
S00097,2026-05-26,N007,B0035,MED010,Salbutamol 4mg,21,421.14,8843.94
S00098,2026-05-22,N008,B0039,MED005,Amlodipine 5mg,15,420.5,6307.5
S00099,2026-09-20,N017,B0069,MED007,Cetirizine 10mg,3,203.27,609.81
S00100,2026-07-11,N003,B0018,MED004,Metformin 500mg,8,354.8,2838.4
S00101,2026-06-13,N009,B0043,MED005,Amlodipine 5mg,23,97.99,2253.77
S00102,2026-07-24,N003,B0016,MED012,Ibuprofen 400mg,10,235.26,2352.6
S00103,2026-04-08,N018,B0076,MED011,Doxycycline 100mg,19,402.56,7648.64
S00104,2026-06-22,N003,B0018,MED004,Metformin 500mg,16,354.8,5676.8
S00105,2026-05-06,N018,B0078,MED008,ORS Sachet,17,30.2,513.4
S00106,2026-06-28,N009,B0043,MED005,Amlodipine 5mg,14,97.99,1371.86
S00107,2026-05-07,N007,B0032,MED008,ORS Sachet,11,271.01,2981.11
S00108,2026-06-26,N016,B0064,MED001,Paracetamol 500mg,23,168.99,3886.77
S00109,2026-05-31,N001,B0002,MED001,Paracetamol 500mg,9,308.69,2778.21
S00110,2026-07-08,N018,B0079,MED005,Amlodipine 5mg,9,66.94,602.46
S00111,2026-07-27,N007,B0030,MED007,Cetirizine 10mg,4,414.37,1657.48
S00112,2026-08-06,N003,B0020,MED001,Paracetamol 500mg,11,195.22,2147.42
S00113,2026-08-25,N014,B0055,MED005,Amlodipine 5mg,24,368.93,8854.32
S00114,2026-05-10,N002,B0011,MED004,Metformin 500mg,25,125.16,3129.0
S00115,2026-04-01,N016,B0063,MED005,Amlodipine 5mg,6,321.28,1927.68
S00116,2026-08-06,N005,B0022,MED001,Paracetamol 500mg,7,131.12,917.84
S00117,2026-05-24,N014,B0060,MED009,Insulin Regular,9,58.98,530.82
S00118,2026-04-27,N020,B0087,MED007,Cetirizine 10mg,25,191.77,4794.25
S00119,2026-05-13,N016,B0065,MED002,Amoxicillin 500mg,20,301.22,6024.4
S00120,2026-07-14,N018,B0078,MED008,ORS Sachet,4,30.2,120.8
S00121,2026-08-06,N008,B0039,MED005,Amlodipine 5mg,10,420.5,4205.0
S00122,2026-07-28,N002,B0011,MED004,Metformin 500mg,12,125.16,1501.92
S00123,2026-08-10,N003,B0015,MED009,Insulin Regular,10,109.19,1091.9
S00124,2026-09-21,N020,B0081,MED009,Insulin Regular,23,340.29,7826.67
S00125,2026-05-11,N007,B0035,MED010,Salbutamol 4mg,5,421.14,2105.7
S00126,2026-07-16,N008,B0040,MED008,ORS Sachet,2,133.96,267.92
S00127,2026-09-11,N013,B0051,MED006,Omeprazole 20mg,18,352.81,6350.58
S00128,2026-07-12,N005,B0023,MED002,Amoxicillin 500mg,23,365.15,8398.45
S00129,2026-08-23,N005,B0022,MED001,Paracetamol 500mg,21,131.12,2753.52
S00130,2026-05-22,N001,B0004,MED003,Azithromycin 500mg,4,9.43,37.72
S00131,2026-09-21,N014,B0058,MED007,Cetirizine 10mg,19,390.04,7410.76
S00132,2026-07-14,N016,B0066,MED011,Doxycycline 100mg,16,144.7,2315.2
S00133,2026-05-25,N008,B0037,MED011,Doxycycline 100mg,15,282.55,4238.25
S00134,2026-06-29,N017,B0069,MED007,Cetirizine 10mg,6,203.27,1219.62
S00135,2026-09-11,N020,B0087,MED007,Cetirizine 10mg,9,191.77,1725.93
S00136,2026-05-25,N016,B0066,MED011,Doxycycline 100mg,4,144.7,578.8
S00137,2026-09-08,N016,B0067,MED004,Metformin 500mg,13,316.17,4110.21
S00138,2026-05-22,N020,B0080,MED011,Doxycycline 100mg,3,336.7,1010.1
S00139,2026-04-30,N020,B0083,MED006,Omeprazole 20mg,21,42.25,887.25
S00140,2026-04-02,N007,B0030,MED007,Cetirizine 10mg,2,414.37,828.74
S00141,2026-08-17,N005,B0022,MED001,Paracetamol 500mg,5,131.12,655.6
S00142,2026-05-03,N003,B0018,MED004,Metformin 500mg,10,354.8,3548.0
S00143,2026-09-03,N009,B0046,MED009,Insulin Regular,8,348.83,2790.64
S00144,2026-08-25,N003,B0016,MED012,Ibuprofen 400mg,18,235.26,4234.68
S00145,2026-06-10,N020,B0081,MED009,Insulin Regular,20,340.29,6805.8
S00146,2026-04-25,N016,B0061,MED003,Azithromycin 500mg,20,275.94,5518.8
S00147,2026-07-29,N008,B0040,MED008,ORS Sachet,25,133.96,3349.0
S00148,2026-05-14,N013,B0051,MED006,Omeprazole 20mg,13,352.81,4586.53
S00149,2026-06-01,N007,B0035,MED010,Salbutamol 4mg,15,421.14,6317.1
S00150,2026-07-10,N013,B0051,MED006,Omeprazole 20mg,19,352.81,6703.39
S00151,2026-06-07,N003,B0016,MED012,Ibuprofen 400mg,10,235.26,2352.6
S00152,2026-05-02,N020,B0081,MED009,Insulin Regular,20,340.29,6805.8
S00153,2026-09-09,N018,B0079,MED005,Amlodipine 5mg,20,66.94,1338.8
S00154,2026-08-30,N020,B0083,MED006,Omeprazole 20mg,25,42.25,1056.25
S00155,2026-08-02,N005,B0023,MED002,Amoxicillin 500mg,21,365.15,7668.15
S00156,2026-08-01,N013,B0051,MED006,Omeprazole 20mg,9,352.81,3175.29
S00157,2026-04-08,N007,B0030,MED007,Cetirizine 10mg,3,414.37,1243.11
S00158,2026-08-15,N001,B0002,MED001,Paracetamol 500mg,8,308.69,2469.52
S00159,2026-08-11,N014,B0056,MED003,Azithromycin 500mg,18,370.68,6672.24
S00160,2026-09-05,N003,B0016,MED012,Ibuprofen 400mg,6,235.26,1411.56
S00161,2026-09-24,N009,B0048,MED008,ORS Sachet,14,57.45,804.3
S00162,2026-06-01,N005,B0028,MED009,Insulin Regular,23,417.52,9602.96
S00163,2026-04-25,N007,B0030,MED007,Cetirizine 10mg,16,414.37,6629.92
S00164,2026-07-12,N018,B0079,MED005,Amlodipine 5mg,2,66.94,133.88
S00165,2026-07-27,N007,B0029,MED005,Amlodipine 5mg,10,33.27,332.7
S00166,2026-07-14,N020,B0083,MED006,Omeprazole 20mg,23,42.25,971.75
S00167,2026-05-31,N009,B0048,MED008,ORS Sachet,3,57.45,172.35
S00168,2026-04-02,N014,B0057,MED002,Amoxicillin 500mg,8,299.73,2397.84
S00169,2026-07-19,N007,B0035,MED010,Salbutamol 4mg,21,421.14,8843.94
S00170,2026-04-27,N005,B0027,MED003,Azithromycin 500mg,22,80.77,1776.94
S00171,2026-08-05,N007,B0030,MED007,Cetirizine 10mg,14,414.37,5801.18
S00172,2026-08-26,N007,B0035,MED010,Salbutamol 4mg,18,421.14,7580.52
S00173,2026-07-29,N018,B0076,MED011,Doxycycline 100mg,21,402.56,8453.76
S00174,2026-08-17,N018,B0079,MED005,Amlodipine 5mg,9,66.94,602.46
S00175,2026-08-19,N014,B0060,MED009,Insulin Regular,3,58.98,176.94
S00176,2026-09-09,N020,B0080,MED011,Doxycycline 100mg,6,336.7,2020.2
S00177,2026-07-08,N018,B0079,MED005,Amlodipine 5mg,20,66.94,1338.8
S00178,2026-05-02,N005,B0021,MED012,Ibuprofen 400mg,10,245.04,2450.4
S00179,2026-06-04,N020,B0084,MED008,ORS Sachet,4,156.44,625.76
S00180,2026-05-28,N005,B0023,MED002,Amoxicillin 500mg,23,365.15,8398.45
S00181,2026-07-09,N020,B0081,MED009,Insulin Regular,23,340.29,7826.67
S00182,2026-06-13,N014,B0060,MED009,Insulin Regular,9,58.98,530.82
S00183,2026-05-19,N020,B0084,MED008,ORS Sachet,18,156.44,2815.92
S00184,2026-05-21,N007,B0029,MED005,Amlodipine 5mg,15,33.27,499.05
S00185,2026-09-04,N020,B0080,MED011,Doxycycline 100mg,20,336.7,6734.0
S00186,2026-09-14,N014,B0056,MED003,Azithromycin 500mg,14,370.68,5189.52
S00187,2026-07-04,N001,B0002,MED001,Paracetamol 500mg,20,308.69,6173.8
S00188,2026-07-22,N013,B0051,MED006,Omeprazole 20mg,1,352.81,352.81
S00189,2026-09-01,N016,B0067,MED004,Metformin 500mg,8,316.17,2529.36
S00190,2026-04-05,N016,B0067,MED004,Metformin 500mg,19,316.17,6007.23
S00191,2026-04-27,N001,B0008,MED004,Metformin 500mg,1,223.96,223.96
S00192,2026-04-05,N009,B0048,MED008,ORS Sachet,9,57.45,517.05
S00193,2026-04-30,N016,B0063,MED005,Amlodipine 5mg,2,321.28,642.56
S00194,2026-08-11,N002,B0011,MED004,Metformin 500mg,16,125.16,2002.56
S00195,2026-05-15,N014,B0057,MED002,Amoxicillin 500mg,21,299.73,6294.33
S00196,2026-06-03,N007,B0035,MED010,Salbutamol 4mg,9,421.14,3790.26
S00197,2026-08-09,N001,B0008,MED004,Metformin 500mg,19,223.96,4255.24
S00198,2026-06-05,N003,B0016,MED012,Ibuprofen 400mg,21,235.26,4940.46
S00199,2026-05-22,N005,B0023,MED002,Amoxicillin 500mg,3,365.15,1095.45
S00200,2026-05-27,N018,B0078,MED008,ORS Sachet,12,30.2,362.4
S00201,2026-06-12,N003,B0016,MED012,Ibuprofen 400mg,11,235.26,2587.86
S00202,2026-07-04,N008,B0037,MED011,Doxycycline 100mg,22,282.55,6216.1
S00203,2026-08-29,N014,B0058,MED007,Cetirizine 10mg,6,390.04,2340.24
S00204,2026-07-02,N020,B0080,MED011,Doxycycline 100mg,14,336.7,4713.8
S00205,2026-03-31,N005,B0026,MED006,Omeprazole 20mg,16,222.65,3562.4
S00206,2026-07-13,N009,B0045,MED011,Doxycycline 100mg,22,374.57,8240.54
S00207,2026-06-14,N016,B0067,MED004,Metformin 500mg,25,316.17,7904.25
S00208,2026-05-07,N005,B0023,MED002,Amoxicillin 500mg,2,365.15,730.3
S00209,2026-05-31,N005,B0026,MED006,Omeprazole 20mg,3,222.65,667.95
S00210,2026-07-06,N007,B0035,MED010,Salbutamol 4mg,9,421.14,3790.26
S00211,2026-07-04,N014,B0058,MED007,Cetirizine 10mg,4,390.04,1560.16
S00212,2026-06-13,N007,B0035,MED010,Salbutamol 4mg,17,421.14,7159.38
S00213,2026-09-24,N016,B0064,MED001,Paracetamol 500mg,22,168.99,3717.78
S00214,2026-05-09,N003,B0018,MED004,Metformin 500mg,15,354.8,5322.0
S00215,2026-06-11,N007,B0029,MED005,Amlodipine 5mg,2,33.27,66.54
S00216,2026-08-07,N002,B0012,MED001,Paracetamol 500mg,17,418.58,7115.86
S00217,2026-06-24,N005,B0028,MED009,Insulin Regular,20,417.52,8350.4
S00218,2026-05-20,N008,B0041,MED006,Omeprazole 20mg,21,11.46,240.66
S00219,2026-06-03,N007,B0030,MED007,Cetirizine 10mg,25,414.37,10359.25
S00220,2026-09-11,N001,B0002,MED001,Paracetamol 500mg,7,308.69,2160.83
S00221,2026-07-18,N014,B0060,MED009,Insulin Regular,18,58.98,1061.64
S00222,2026-08-22,N014,B0055,MED005,Amlodipine 5mg,10,368.93,3689.3
S00223,2026-06-04,N020,B0084,MED008,ORS Sachet,23,156.44,3598.12
S00224,2026-05-23,N005,B0023,MED002,Amoxicillin 500mg,4,365.15,1460.6
S00225,2026-09-17,N016,B0066,MED011,Doxycycline 100mg,21,144.7,3038.7
S00226,2026-04-22,N013,B0051,MED006,Omeprazole 20mg,8,352.81,2822.48
S00227,2026-08-15,N020,B0080,MED011,Doxycycline 100mg,10,336.7,3367.0
S00228,2026-05-06,N001,B0008,MED004,Metformin 500mg,1,223.96,223.96
S00229,2026-05-06,N020,B0081,MED009,Insulin Regular,14,340.29,4764.06
S00230,2026-09-01,N001,B0003,MED012,Ibuprofen 400mg,8,57.31,458.48
S00231,2026-08-26,N001,B0003,MED012,Ibuprofen 400mg,15,57.31,859.65
S00232,2026-08-25,N003,B0018,MED004,Metformin 500mg,21,354.8,7450.8
S00233,2026-08-16,N001,B0008,MED004,Metformin 500mg,16,223.96,3583.36
S00234,2026-07-12,N007,B0036,MED011,Doxycycline 100mg,17,125.4,2131.8
S00235,2026-07-17,N009,B0046,MED009,Insulin Regular,14,348.83,4883.62
S00236,2026-05-24,N008,B0037,MED011,Doxycycline 100mg,16,282.55,4520.8
S00237,2026-07-24,N003,B0020,MED001,Paracetamol 500mg,15,195.22,2928.3
S00238,2026-05-06,N016,B0065,MED002,Amoxicillin 500mg,5,301.22,1506.1
S00239,2026-06-18,N003,B0020,MED001,Paracetamol 500mg,7,195.22,1366.54
S00240,2026-04-24,N016,B0067,MED004,Metformin 500mg,17,316.17,5374.89
S00241,2026-08-21,N014,B0058,MED007,Cetirizine 10mg,3,390.04,1170.12
S00242,2026-07-16,N001,B0003,MED012,Ibuprofen 400mg,25,57.31,1432.75
S00243,2026-06-10,N013,B0052,MED012,Ibuprofen 400mg,11,390.16,4291.76
S00244,2026-05-18,N020,B0087,MED007,Cetirizine 10mg,9,191.77,1725.93
S00245,2026-09-24,N008,B0040,MED008,ORS Sachet,10,133.96,1339.6
S00246,2026-07-10,N020,B0087,MED007,Cetirizine 10mg,19,191.77,3643.63
S00247,2026-04-29,N016,B0067,MED004,Metformin 500mg,22,316.17,6955.74
S00248,2026-05-22,N013,B0049,MED009,Insulin Regular,5,169.18,845.9
S00249,2026-06-02,N009,B0045,MED011,Doxycycline 100mg,18,374.57,6742.26
S00250,2026-05-24,N016,B0061,MED003,Azithromycin 500mg,12,275.94,3311.28
S00251,2026-07-01,N013,B0049,MED009,Insulin Regular,18,169.18,3045.24
S00252,2026-05-08,N007,B0032,MED008,ORS Sachet,13,271.01,3523.13
S00253,2026-05-31,N002,B0012,MED001,Paracetamol 500mg,11,418.58,4604.38
S00254,2026-08-07,N005,B0023,MED002,Amoxicillin 500mg,23,365.15,8398.45
S00255,2026-07-25,N001,B0003,MED012,Ibuprofen 400mg,19,57.31,1088.89
S00256,2026-06-18,N014,B0056,MED003,Azithromycin 500mg,8,370.68,2965.44
S00257,2026-06-11,N009,B0048,MED008,ORS Sachet,2,57.45,114.9
S00258,2026-07-05,N005,B0027,MED003,Azithromycin 500mg,24,80.77,1938.48
S00259,2026-05-26,N008,B0037,MED011,Doxycycline 100mg,23,282.55,6498.65
S00260,2026-06-19,N020,B0081,MED009,Insulin Regular,13,340.29,4423.77
S00261,2026-04-08,N007,B0032,MED008,ORS Sachet,21,271.01,5691.21
S00262,2026-08-17,N009,B0048,MED008,ORS Sachet,16,57.45,919.2
S00263,2026-09-15,N001,B0002,MED001,Paracetamol 500mg,5,308.69,1543.45
S00264,2026-05-19,N008,B0037,MED011,Doxycycline 100mg,19,282.55,5368.45
S00265,2026-07-02,N016,B0064,MED001,Paracetamol 500mg,4,168.99,675.96
S00266,2026-06-04,N003,B0020,MED001,Paracetamol 500mg,4,195.22,780.88
S00267,2026-05-13,N001,B0004,MED003,Azithromycin 500mg,15,9.43,141.45
S00268,2026-09-21,N002,B0012,MED001,Paracetamol 500mg,24,418.58,10045.92
S00269,2026-08-19,N016,B0064,MED001,Paracetamol 500mg,14,168.99,2365.86
S00270,2026-04-10,N008,B0041,MED006,Omeprazole 20mg,5,11.46,57.3
S00271,2026-09-05,N003,B0017,MED002,Amoxicillin 500mg,16,246.34,3941.44
S00272,2026-07-19,N008,B0041,MED006,Omeprazole 20mg,11,11.46,126.06
S00273,2026-04-18,N020,B0080,MED011,Doxycycline 100mg,23,336.7,7744.1
S00274,2026-06-15,N016,B0061,MED003,Azithromycin 500mg,21,275.94,5794.74
S00275,2026-09-04,N014,B0055,MED005,Amlodipine 5mg,11,368.93,4058.23
S00276,2026-04-05,N018,B0078,MED008,ORS Sachet,18,30.2,543.6
S00277,2026-06-19,N014,B0055,MED005,Amlodipine 5mg,11,368.93,4058.23
S00278,2026-04-17,N003,B0018,MED004,Metformin 500mg,23,354.8,8160.4
S00279,2026-05-23,N001,B0004,MED003,Azithromycin 500mg,18,9.43,169.74
S00280,2026-09-15,N005,B0028,MED009,Insulin Regular,20,417.52,8350.4
S00281,2026-09-07,N001,B0004,MED003,Azithromycin 500mg,8,9.43,75.44
S00282,2026-04-16,N007,B0035,MED010,Salbutamol 4mg,22,421.14,9265.08
S00283,2026-07-13,N005,B0021,MED012,Ibuprofen 400mg,8,245.04,1960.32
S00284,2026-09-01,N014,B0056,MED003,Azithromycin 500mg,14,370.68,5189.52
S00285,2026-08-30,N009,B0045,MED011,Doxycycline 100mg,25,374.57,9364.25
S00286,2026-04-15,N005,B0021,MED012,Ibuprofen 400mg,23,245.04,5635.92
S00287,2026-08-30,N008,B0037,MED011,Doxycycline 100mg,15,282.55,4238.25
S00288,2026-08-13,N001,B0008,MED004,Metformin 500mg,23,223.96,5151.08
S00289,2026-07-10,N020,B0086,MED010,Salbutamol 4mg,1,36.39,36.39
S00290,2026-09-13,N001,B0003,MED012,Ibuprofen 400mg,11,57.31,630.41
S00291,2026-09-10,N016,B0063,MED005,Amlodipine 5mg,10,321.28,3212.8
S00292,2026-06-25,N009,B0043,MED005,Amlodipine 5mg,12,97.99,1175.88
S00293,2026-06-06,N007,B0030,MED007,Cetirizine 10mg,5,414.37,2071.85
S00294,2026-07-24,N018,B0076,MED011,Doxycycline 100mg,17,402.56,6843.52
S00295,2026-06-11,N018,B0078,MED008,ORS Sachet,19,30.2,573.8
S00296,2026-04-03,N005,B0027,MED003,Azithromycin 500mg,6,80.77,484.62
S00297,2026-08-12,N007,B0029,MED005,Amlodipine 5mg,6,33.27,199.62
S00298,2026-09-04,N007,B0029,MED005,Amlodipine 5mg,20,33.27,665.4
S00299,2026-06-19,N008,B0040,MED008,ORS Sachet,20,133.96,2679.2
S00300,2026-04-03,N005,B0022,MED001,Paracetamol 500mg,8,131.12,1048.96
S00301,2026-05-20,N005,B0022,MED001,Paracetamol 500mg,19,131.12,2491.28
S00302,2026-08-19,N018,B0079,MED005,Amlodipine 5mg,8,66.94,535.52
S00303,2026-05-29,N003,B0017,MED002,Amoxicillin 500mg,21,246.34,5173.14
S00304,2026-07-21,N008,B0039,MED005,Amlodipine 5mg,15,420.5,6307.5
S00305,2026-07-21,N003,B0018,MED004,Metformin 500mg,22,354.8,7805.6
S00306,2026-09-22,N018,B0078,MED008,ORS Sachet,15,30.2,453.0
S00307,2026-07-13,N013,B0049,MED009,Insulin Regular,22,169.18,3721.96
S00308,2026-05-08,N009,B0043,MED005,Amlodipine 5mg,6,97.99,587.94
S00309,2026-09-06,N016,B0061,MED003,Azithromycin 500mg,15,275.94,4139.1
S00310,2026-06-28,N001,B0003,MED012,Ibuprofen 400mg,19,57.31,1088.89
S00311,2026-07-10,N018,B0078,MED008,ORS Sachet,21,30.2,634.2
S00312,2026-06-08,N007,B0036,MED011,Doxycycline 100mg,23,125.4,2884.2
S00313,2026-07-22,N003,B0017,MED002,Amoxicillin 500mg,15,246.34,3695.1
S00314,2026-07-09,N020,B0086,MED010,Salbutamol 4mg,7,36.39,254.73
S00315,2026-06-18,N014,B0055,MED005,Amlodipine 5mg,16,368.93,5902.88
S00316,2026-08-28,N002,B0011,MED004,Metformin 500mg,8,125.16,1001.28
S00317,2026-06-19,N005,B0026,MED006,Omeprazole 20mg,19,222.65,4230.35
S00318,2026-06-25,N001,B0004,MED003,Azithromycin 500mg,19,9.43,179.17
S00319,2026-07-11,N001,B0002,MED001,Paracetamol 500mg,23,308.69,7099.87
S00320,2026-07-11,N013,B0051,MED006,Omeprazole 20mg,1,352.81,352.81
S00321,2026-04-09,N014,B0056,MED003,Azithromycin 500mg,13,370.68,4818.84
S00322,2026-07-16,N016,B0067,MED004,Metformin 500mg,1,316.17,316.17
S00323,2026-05-03,N014,B0060,MED009,Insulin Regular,22,58.98,1297.56
S00324,2026-09-12,N007,B0030,MED007,Cetirizine 10mg,20,414.37,8287.4
S00325,2026-05-20,N009,B0048,MED008,ORS Sachet,10,57.45,574.5
S00326,2026-07-28,N014,B0057,MED002,Amoxicillin 500mg,20,299.73,5994.6
S00327,2026-06-26,N018,B0079,MED005,Amlodipine 5mg,8,66.94,535.52
S00328,2026-04-15,N005,B0022,MED001,Paracetamol 500mg,7,131.12,917.84
S00329,2026-04-19,N018,B0076,MED011,Doxycycline 100mg,9,402.56,3623.04
S00330,2026-04-04,N007,B0029,MED005,Amlodipine 5mg,25,33.27,831.75
S00331,2026-04-09,N020,B0086,MED010,Salbutamol 4mg,22,36.39,800.58
S00332,2026-08-20,N007,B0030,MED007,Cetirizine 10mg,21,414.37,8701.77
S00333,2026-08-31,N009,B0046,MED009,Insulin Regular,21,348.83,7325.43
S00334,2026-04-12,N005,B0026,MED006,Omeprazole 20mg,2,222.65,445.3
S00335,2026-07-07,N018,B0078,MED008,ORS Sachet,15,30.2,453.0
S00336,2026-09-16,N018,B0076,MED011,Doxycycline 100mg,19,402.56,7648.64
S00337,2026-06-23,N020,B0086,MED010,Salbutamol 4mg,24,36.39,873.36
S00338,2026-08-22,N013,B0051,MED006,Omeprazole 20mg,3,352.81,1058.43
S00339,2026-07-11,N020,B0083,MED006,Omeprazole 20mg,11,42.25,464.75
S00340,2026-06-10,N013,B0051,MED006,Omeprazole 20mg,6,352.81,2116.86
S00341,2026-08-04,N014,B0056,MED003,Azithromycin 500mg,5,370.68,1853.4
S00342,2026-05-09,N018,B0076,MED011,Doxycycline 100mg,12,402.56,4830.72
S00343,2026-05-12,N007,B0032,MED008,ORS Sachet,17,271.01,4607.17
S00344,2026-07-17,N017,B0069,MED007,Cetirizine 10mg,6,203.27,1219.62
S00345,2026-07-21,N005,B0022,MED001,Paracetamol 500mg,16,131.12,2097.92
S00346,2026-07-11,N005,B0021,MED012,Ibuprofen 400mg,24,245.04,5880.96
S00347,2026-06-30,N003,B0020,MED001,Paracetamol 500mg,4,195.22,780.88
S00348,2026-05-28,N002,B0011,MED004,Metformin 500mg,3,125.16,375.48
S00349,2026-08-19,N018,B0079,MED005,Amlodipine 5mg,25,66.94,1673.5
S00350,2026-07-29,N020,B0086,MED010,Salbutamol 4mg,22,36.39,800.58
S00351,2026-04-05,N014,B0060,MED009,Insulin Regular,13,58.98,766.74
S00352,2026-05-05,N014,B0060,MED009,Insulin Regular,12,58.98,707.76
S00353,2026-09-01,N020,B0081,MED009,Insulin Regular,13,340.29,4423.77
S00354,2026-09-21,N013,B0049,MED009,Insulin Regular,9,169.18,1522.62
S00355,2026-05-10,N003,B0018,MED004,Metformin 500mg,4,354.8,1419.2
S00356,2026-05-31,N003,B0018,MED004,Metformin 500mg,12,354.8,4257.6
S00357,2026-04-05,N007,B0036,MED011,Doxycycline 100mg,24,125.4,3009.6
S00358,2026-04-05,N003,B0018,MED004,Metformin 500mg,9,354.8,3193.2
S00359,2026-04-28,N005,B0028,MED009,Insulin Regular,13,417.52,5427.76
S00360,2026-04-14,N013,B0049,MED009,Insulin Regular,12,169.18,2030.16
S00361,2026-08-28,N020,B0087,MED007,Cetirizine 10mg,22,191.77,4218.94
S00362,2026-07-27,N002,B0011,MED004,Metformin 500mg,16,125.16,2002.56
S00363,2026-09-18,N005,B0028,MED009,Insulin Regular,20,417.52,8350.4
S00364,2026-05-04,N007,B0030,MED007,Cetirizine 10mg,11,414.37,4558.07
S00365,2026-04-21,N020,B0087,MED007,Cetirizine 10mg,8,191.77,1534.16
S00366,2026-04-12,N013,B0049,MED009,Insulin Regular,3,169.18,507.54
S00367,2026-04-15,N014,B0057,MED002,Amoxicillin 500mg,15,299.73,4495.95
S00368,2026-03-29,N018,B0079,MED005,Amlodipine 5mg,10,66.94,669.4
S00369,2026-04-11,N009,B0048,MED008,ORS Sachet,14,57.45,804.3
S00370,2026-08-26,N013,B0052,MED012,Ibuprofen 400mg,5,390.16,1950.8
S00371,2026-09-13,N014,B0057,MED002,Amoxicillin 500mg,2,299.73,599.46
S00372,2026-07-09,N008,B0040,MED008,ORS Sachet,16,133.96,2143.36
S00373,2026-08-26,N014,B0058,MED007,Cetirizine 10mg,4,390.04,1560.16
S00374,2026-07-26,N016,B0061,MED003,Azithromycin 500mg,18,275.94,4966.92
S00375,2026-08-21,N018,B0078,MED008,ORS Sachet,13,30.2,392.6
S00376,2026-05-31,N009,B0046,MED009,Insulin Regular,12,348.83,4185.96
S00377,2026-04-06,N001,B0004,MED003,Azithromycin 500mg,24,9.43,226.32
S00378,2026-03-30,N020,B0084,MED008,ORS Sachet,18,156.44,2815.92
S00379,2026-06-09,N005,B0027,MED003,Azithromycin 500mg,19,80.77,1534.63
S00380,2026-08-16,N005,B0027,MED003,Azithromycin 500mg,14,80.77,1130.78
S00381,2026-04-10,N014,B0055,MED005,Amlodipine 5mg,4,368.93,1475.72
S00382,2026-05-22,N005,B0027,MED003,Azithromycin 500mg,20,80.77,1615.4
S00383,2026-06-12,N016,B0065,MED002,Amoxicillin 500mg,9,301.22,2710.98
S00384,2026-09-16,N020,B0084,MED008,ORS Sachet,23,156.44,3598.12
S00385,2026-06-22,N001,B0002,MED001,Paracetamol 500mg,7,308.69,2160.83
S00386,2026-06-03,N014,B0057,MED002,Amoxicillin 500mg,15,299.73,4495.95
S00387,2026-07-26,N007,B0032,MED008,ORS Sachet,12,271.01,3252.12
S00388,2026-08-30,N005,B0021,MED012,Ibuprofen 400mg,22,245.04,5390.88
S00389,2026-06-22,N016,B0067,MED004,Metformin 500mg,18,316.17,5691.06
S00390,2026-04-12,N017,B0069,MED007,Cetirizine 10mg,12,203.27,2439.24
S00391,2026-09-09,N013,B0052,MED012,Ibuprofen 400mg,13,390.16,5072.08
S00392,2026-07-16,N007,B0029,MED005,Amlodipine 5mg,7,33.27,232.89
S00393,2026-08-24,N007,B0030,MED007,Cetirizine 10mg,15,414.37,6215.55
S00394,2026-09-01,N007,B0030,MED007,Cetirizine 10mg,22,414.37,9116.14
S00395,2026-08-01,N014,B0060,MED009,Insulin Regular,21,58.98,1238.58
S00396,2026-04-14,N007,B0029,MED005,Amlodipine 5mg,20,33.27,665.4
S00397,2026-09-19,N014,B0060,MED009,Insulin Regular,2,58.98,117.96
S00398,2026-07-01,N018,B0078,MED008,ORS Sachet,8,30.2,241.6
S00399,2026-08-23,N020,B0083,MED006,Omeprazole 20mg,19,42.25,802.75
S00400,2026-08-03,N018,B0079,MED005,Amlodipine 5mg,3,66.94,200.82
S00401,2026-05-06,N013,B0049,MED009,Insulin Regular,7,169.18,1184.26
S00402,2026-04-27,N008,B0041,MED006,Omeprazole 20mg,7,11.46,80.22
S00403,2026-07-27,N001,B0004,MED003,Azithromycin 500mg,11,9.43,103.73
S00404,2026-08-18,N013,B0049,MED009,Insulin Regular,20,169.18,3383.6
S00405,2026-09-24,N009,B0048,MED008,ORS Sachet,9,57.45,517.05
S00406,2026-08-18,N009,B0046,MED009,Insulin Regular,5,348.83,1744.15
S00407,2026-05-09,N020,B0086,MED010,Salbutamol 4mg,9,36.39,327.51
S00408,2026-08-11,N005,B0028,MED009,Insulin Regular,4,417.52,1670.08
S00409,2026-04-08,N007,B0035,MED010,Salbutamol 4mg,1,421.14,421.14
S00410,2026-08-22,N009,B0048,MED008,ORS Sachet,1,57.45,57.45
S00411,2026-06-25,N009,B0048,MED008,ORS Sachet,8,57.45,459.6
S00412,2026-04-27,N016,B0066,MED011,Doxycycline 100mg,11,144.7,1591.7
S00413,2026-09-20,N020,B0083,MED006,Omeprazole 20mg,6,42.25,253.5
S00414,2026-07-19,N003,B0015,MED009,Insulin Regular,2,109.19,218.38
S00415,2026-08-23,N020,B0087,MED007,Cetirizine 10mg,24,191.77,4602.48
S00416,2026-06-09,N003,B0015,MED009,Insulin Regular,17,109.19,1856.23
S00417,2026-08-26,N005,B0021,MED012,Ibuprofen 400mg,24,245.04,5880.96
S00418,2026-09-08,N017,B0069,MED007,Cetirizine 10mg,16,203.27,3252.32
S00419,2026-06-02,N001,B0004,MED003,Azithromycin 500mg,25,9.43,235.75
S00420,2026-06-24,N014,B0056,MED003,Azithromycin 500mg,17,370.68,6301.56
S00421,2026-04-26,N007,B0029,MED005,Amlodipine 5mg,4,33.27,133.08
S00422,2026-06-01,N016,B0067,MED004,Metformin 500mg,17,316.17,5374.89
S00423,2026-07-30,N014,B0056,MED003,Azithromycin 500mg,20,370.68,7413.6
S00424,2026-09-13,N008,B0039,MED005,Amlodipine 5mg,24,420.5,10092.0
S00425,2026-04-09,N007,B0032,MED008,ORS Sachet,17,271.01,4607.17
S00426,2026-07-09,N020,B0081,MED009,Insulin Regular,15,340.29,5104.35
S00427,2026-04-13,N016,B0061,MED003,Azithromycin 500mg,1,275.94,275.94
S00428,2026-09-09,N005,B0022,MED001,Paracetamol 500mg,16,131.12,2097.92
S00429,2026-06-14,N016,B0066,MED011,Doxycycline 100mg,14,144.7,2025.8
S00430,2026-04-02,N007,B0035,MED010,Salbutamol 4mg,4,421.14,1684.56
S00431,2026-05-22,N020,B0081,MED009,Insulin Regular,23,340.29,7826.67
S00432,2026-06-03,N016,B0064,MED001,Paracetamol 500mg,3,168.99,506.97
S00433,2026-09-04,N016,B0063,MED005,Amlodipine 5mg,11,321.28,3534.08
S00434,2026-04-22,N009,B0045,MED011,Doxycycline 100mg,5,374.57,1872.85
S00435,2026-09-08,N005,B0021,MED012,Ibuprofen 400mg,5,245.04,1225.2
S00436,2026-07-16,N020,B0086,MED010,Salbutamol 4mg,20,36.39,727.8
S00437,2026-04-15,N005,B0027,MED003,Azithromycin 500mg,19,80.77,1534.63
S00438,2026-05-07,N020,B0080,MED011,Doxycycline 100mg,23,336.7,7744.1
S00439,2026-07-03,N007,B0029,MED005,Amlodipine 5mg,13,33.27,432.51
S00440,2026-04-25,N009,B0046,MED009,Insulin Regular,17,348.83,5930.11
S00441,2026-07-11,N005,B0027,MED003,Azithromycin 500mg,15,80.77,1211.55
S00442,2026-05-18,N005,B0026,MED006,Omeprazole 20mg,20,222.65,4453.0
S00443,2026-06-06,N020,B0087,MED007,Cetirizine 10mg,4,191.77,767.08
S00444,2026-03-29,N016,B0061,MED003,Azithromycin 500mg,4,275.94,1103.76
S00445,2026-04-10,N007,B0030,MED007,Cetirizine 10mg,21,414.37,8701.77
S00446,2026-05-06,N008,B0037,MED011,Doxycycline 100mg,24,282.55,6781.2
S00447,2026-07-31,N002,B0011,MED004,Metformin 500mg,14,125.16,1752.24
S00448,2026-06-01,N018,B0079,MED005,Amlodipine 5mg,8,66.94,535.52
S00449,2026-06-11,N007,B0030,MED007,Cetirizine 10mg,11,414.37,4558.07
S00450,2026-05-31,N005,B0026,MED006,Omeprazole 20mg,13,222.65,2894.45
S00451,2026-06-10,N013,B0049,MED009,Insulin Regular,24,169.18,4060.32
S00452,2026-08-31,N005,B0022,MED001,Paracetamol 500mg,11,131.12,1442.32
S00453,2026-06-07,N020,B0083,MED006,Omeprazole 20mg,11,42.25,464.75
S00454,2026-04-07,N007,B0035,MED010,Salbutamol 4mg,9,421.14,3790.26
S00455,2026-06-21,N002,B0011,MED004,Metformin 500mg,5,125.16,625.8
S00456,2026-04-02,N008,B0037,MED011,Doxycycline 100mg,16,282.55,4520.8
S00457,2026-09-07,N013,B0051,MED006,Omeprazole 20mg,3,352.81,1058.43
S00458,2026-09-03,N001,B0002,MED001,Paracetamol 500mg,3,308.69,926.07
S00459,2026-06-06,N002,B0012,MED001,Paracetamol 500mg,4,418.58,1674.32
S00460,2026-06-21,N008,B0040,MED008,ORS Sachet,5,133.96,669.8
S00461,2026-05-05,N018,B0079,MED005,Amlodipine 5mg,2,66.94,133.88
S00462,2026-04-27,N014,B0058,MED007,Cetirizine 10mg,18,390.04,7020.72
S00463,2026-05-04,N008,B0039,MED005,Amlodipine 5mg,11,420.5,4625.5
S00464,2026-04-06,N005,B0022,MED001,Paracetamol 500mg,4,131.12,524.48
S00465,2026-06-11,N008,B0041,MED006,Omeprazole 20mg,12,11.46,137.52
S00466,2026-04-07,N003,B0017,MED002,Amoxicillin 500mg,25,246.34,6158.5
S00467,2026-06-08,N016,B0063,MED005,Amlodipine 5mg,24,321.28,7710.72
S00468,2026-09-11,N005,B0022,MED001,Paracetamol 500mg,10,131.12,1311.2
S00469,2026-04-24,N008,B0041,MED006,Omeprazole 20mg,10,11.46,114.6
S00470,2026-06-26,N016,B0064,MED001,Paracetamol 500mg,4,168.99,675.96
S00471,2026-04-30,N016,B0064,MED001,Paracetamol 500mg,17,168.99,2872.83
S00472,2026-08-01,N001,B0002,MED001,Paracetamol 500mg,5,308.69,1543.45
S00473,2026-04-09,N016,B0066,MED011,Doxycycline 100mg,16,144.7,2315.2
S00474,2026-07-29,N002,B0011,MED004,Metformin 500mg,4,125.16,500.64
S00475,2026-06-27,N003,B0017,MED002,Amoxicillin 500mg,18,246.34,4434.12
S00476,2026-06-22,N005,B0021,MED012,Ibuprofen 400mg,4,245.04,980.16
S00477,2026-07-15,N009,B0046,MED009,Insulin Regular,19,348.83,6627.77
S00478,2026-07-29,N013,B0049,MED009,Insulin Regular,14,169.18,2368.52
S00479,2026-05-04,N016,B0063,MED005,Amlodipine 5mg,25,321.28,8032.0
S00480,2026-04-18,N005,B0026,MED006,Omeprazole 20mg,20,222.65,4453.0
S00481,2026-04-05,N016,B0063,MED005,Amlodipine 5mg,21,321.28,6746.88
S00482,2026-05-05,N001,B0003,MED012,Ibuprofen 400mg,1,57.31,57.31
S00483,2026-04-22,N020,B0080,MED011,Doxycycline 100mg,22,336.7,7407.4
S00484,2026-03-31,N017,B0069,MED007,Cetirizine 10mg,9,203.27,1829.43
S00485,2026-09-17,N001,B0008,MED004,Metformin 500mg,6,223.96,1343.76
S00486,2026-07-17,N020,B0083,MED006,Omeprazole 20mg,23,42.25,971.75
S00487,2026-07-07,N007,B0035,MED010,Salbutamol 4mg,11,421.14,4632.54
S00488,2026-06-27,N016,B0065,MED002,Amoxicillin 500mg,1,301.22,301.22
S00489,2026-08-09,N013,B0051,MED006,Omeprazole 20mg,5,352.81,1764.05
S00490,2026-05-03,N002,B0012,MED001,Paracetamol 500mg,22,418.58,9208.76
S00491,2026-06-14,N018,B0078,MED008,ORS Sachet,3,30.2,90.6
S00492,2026-08-19,N005,B0023,MED002,Amoxicillin 500mg,24,365.15,8763.6
S00493,2026-04-15,N005,B0028,MED009,Insulin Regular,1,417.52,417.52
S00494,2026-09-01,N016,B0061,MED003,Azithromycin 500mg,24,275.94,6622.56
S00495,2026-05-12,N014,B0060,MED009,Insulin Regular,7,58.98,412.86
S00496,2026-06-20,N018,B0078,MED008,ORS Sachet,14,30.2,422.8
S00497,2026-05-31,N009,B0045,MED011,Doxycycline 100mg,11,374.57,4120.27
S00498,2026-08-15,N016,B0066,MED011,Doxycycline 100mg,12,144.7,1736.4
S00499,2026-07-07,N003,B0015,MED009,Insulin Regular,24,109.19,2620.56
S00500,2026-07-03,N008,B0039,MED005,Amlodipine 5mg,25,420.5,10512.5
S00501,2026-05-02,N018,B0078,MED008,ORS Sachet,20,30.2,604.0
S00502,2026-09-03,N008,B0041,MED006,Omeprazole 20mg,2,11.46,22.92
S00503,2026-08-16,N016,B0065,MED002,Amoxicillin 500mg,6,301.22,1807.32
S00504,2026-04-19,N013,B0051,MED006,Omeprazole 20mg,2,352.81,705.62
S00505,2026-04-05,N009,B0045,MED011,Doxycycline 100mg,3,374.57,1123.71
S00506,2026-07-17,N007,B0036,MED011,Doxycycline 100mg,15,125.4,1881.0
S00507,2026-04-08,N005,B0027,MED003,Azithromycin 500mg,14,80.77,1130.78
S00508,2026-05-23,N016,B0065,MED002,Amoxicillin 500mg,20,301.22,6024.4
S00509,2026-06-03,N009,B0046,MED009,Insulin Regular,14,348.83,4883.62
S00510,2026-07-17,N013,B0052,MED012,Ibuprofen 400mg,7,390.16,2731.12
S00511,2026-05-16,N014,B0058,MED007,Cetirizine 10mg,4,390.04,1560.16
S00512,2026-06-28,N007,B0032,MED008,ORS Sachet,14,271.01,3794.14
S00513,2026-08-27,N016,B0066,MED011,Doxycycline 100mg,10,144.7,1447.0
S00514,2026-04-04,N014,B0056,MED003,Azithromycin 500mg,22,370.68,8154.96
S00515,2026-04-26,N003,B0017,MED002,Amoxicillin 500mg,16,246.34,3941.44
S00516,2026-05-13,N003,B0015,MED009,Insulin Regular,22,109.19,2402.18
S00517,2026-07-08,N003,B0017,MED002,Amoxicillin 500mg,2,246.34,492.68
S00518,2026-07-30,N020,B0080,MED011,Doxycycline 100mg,13,336.7,4377.1
S00519,2026-04-24,N013,B0052,MED012,Ibuprofen 400mg,2,390.16,780.32
S00520,2026-09-23,N014,B0055,MED005,Amlodipine 5mg,7,368.93,2582.51
S00521,2026-07-09,N020,B0087,MED007,Cetirizine 10mg,7,191.77,1342.39
S00522,2026-08-20,N005,B0028,MED009,Insulin Regular,25,417.52,10438.0
S00523,2026-07-21,N001,B0008,MED004,Metformin 500mg,10,223.96,2239.6
S00524,2026-07-03,N009,B0046,MED009,Insulin Regular,4,348.83,1395.32
S00525,2026-09-23,N002,B0012,MED001,Paracetamol 500mg,16,418.58,6697.28
S00526,2026-06-06,N018,B0078,MED008,ORS Sachet,6,30.2,181.2
S00527,2026-08-22,N017,B0069,MED007,Cetirizine 10mg,13,203.27,2642.51
S00528,2026-05-11,N020,B0083,MED006,Omeprazole 20mg,23,42.25,971.75
S00529,2026-07-28,N020,B0081,MED009,Insulin Regular,17,340.29,5784.93
S00530,2026-05-04,N008,B0039,MED005,Amlodipine 5mg,22,420.5,9251.0
S00531,2026-06-26,N005,B0022,MED001,Paracetamol 500mg,3,131.12,393.36
S00532,2026-06-15,N014,B0056,MED003,Azithromycin 500mg,24,370.68,8896.32
S00533,2026-09-14,N008,B0041,MED006,Omeprazole 20mg,14,11.46,160.44
S00534,2026-09-20,N003,B0020,MED001,Paracetamol 500mg,15,195.22,2928.3
S00535,2026-09-05,N001,B0003,MED012,Ibuprofen 400mg,11,57.31,630.41
S00536,2026-04-30,N016,B0067,MED004,Metformin 500mg,14,316.17,4426.38
S00537,2026-05-01,N008,B0039,MED005,Amlodipine 5mg,13,420.5,5466.5
S00538,2026-04-14,N014,B0057,MED002,Amoxicillin 500mg,14,299.73,4196.22
S00539,2026-07-12,N013,B0051,MED006,Omeprazole 20mg,4,352.81,1411.24
S00540,2026-06-13,N002,B0012,MED001,Paracetamol 500mg,1,418.58,418.58
S00541,2026-07-03,N016,B0064,MED001,Paracetamol 500mg,6,168.99,1013.94
S00542,2026-04-19,N008,B0037,MED011,Doxycycline 100mg,15,282.55,4238.25
S00543,2026-04-01,N002,B0011,MED004,Metformin 500mg,12,125.16,1501.92
S00544,2026-09-02,N016,B0063,MED005,Amlodipine 5mg,14,321.28,4497.92
S00545,2026-08-28,N018,B0078,MED008,ORS Sachet,8,30.2,241.6
S00546,2026-06-05,N020,B0084,MED008,ORS Sachet,19,156.44,2972.36
S00547,2026-06-14,N020,B0086,MED010,Salbutamol 4mg,17,36.39,618.63
S00548,2026-09-04,N020,B0086,MED010,Salbutamol 4mg,13,36.39,473.07
S00549,2026-07-07,N009,B0046,MED009,Insulin Regular,24,348.83,8371.92
S00550,2026-06-30,N018,B0076,MED011,Doxycycline 100mg,8,402.56,3220.48
S00551,2026-07-01,N020,B0086,MED010,Salbutamol 4mg,25,36.39,909.75
S00552,2026-08-12,N009,B0046,MED009,Insulin Regular,3,348.83,1046.49
S00553,2026-05-17,N008,B0040,MED008,ORS Sachet,21,133.96,2813.16
S00554,2026-08-26,N013,B0049,MED009,Insulin Regular,17,169.18,2876.06
S00555,2026-05-17,N003,B0015,MED009,Insulin Regular,7,109.19,764.33
S00556,2026-06-27,N001,B0004,MED003,Azithromycin 500mg,12,9.43,113.16
S00557,2026-04-12,N016,B0066,MED011,Doxycycline 100mg,5,144.7,723.5
S00558,2026-07-26,N008,B0040,MED008,ORS Sachet,4,133.96,535.84
S00559,2026-08-18,N001,B0002,MED001,Paracetamol 500mg,9,308.69,2778.21
S00560,2026-08-05,N020,B0086,MED010,Salbutamol 4mg,6,36.39,218.34
S00561,2026-04-23,N005,B0022,MED001,Paracetamol 500mg,5,131.12,655.6
S00562,2026-04-10,N007,B0035,MED010,Salbutamol 4mg,3,421.14,1263.42
S00563,2026-08-10,N001,B0003,MED012,Ibuprofen 400mg,25,57.31,1432.75
S00564,2026-04-17,N007,B0030,MED007,Cetirizine 10mg,16,414.37,6629.92
S00565,2026-05-29,N016,B0065,MED002,Amoxicillin 500mg,25,301.22,7530.5
S00566,2026-05-03,N005,B0023,MED002,Amoxicillin 500mg,25,365.15,9128.75
S00567,2026-04-29,N001,B0004,MED003,Azithromycin 500mg,15,9.43,141.45
S00568,2026-04-03,N008,B0037,MED011,Doxycycline 100mg,19,282.55,5368.45
S00569,2026-04-13,N003,B0017,MED002,Amoxicillin 500mg,21,246.34,5173.14
S00570,2026-04-18,N020,B0080,MED011,Doxycycline 100mg,11,336.7,3703.7
S00571,2026-04-17,N018,B0079,MED005,Amlodipine 5mg,11,66.94,736.34
S00572,2026-08-17,N005,B0023,MED002,Amoxicillin 500mg,15,365.15,5477.25
S00573,2026-09-07,N020,B0087,MED007,Cetirizine 10mg,16,191.77,3068.32
S00574,2026-06-03,N020,B0081,MED009,Insulin Regular,21,340.29,7146.09
S00575,2026-07-09,N009,B0043,MED005,Amlodipine 5mg,9,97.99,881.91
S00576,2026-04-26,N007,B0036,MED011,Doxycycline 100mg,2,125.4,250.8
S00577,2026-06-26,N020,B0080,MED011,Doxycycline 100mg,17,336.7,5723.9
S00578,2026-09-06,N020,B0083,MED006,Omeprazole 20mg,10,42.25,422.5
S00579,2026-05-29,N018,B0076,MED011,Doxycycline 100mg,15,402.56,6038.4
S00580,2026-09-15,N003,B0016,MED012,Ibuprofen 400mg,2,235.26,470.52
S00581,2026-06-22,N016,B0065,MED002,Amoxicillin 500mg,10,301.22,3012.2
S00582,2026-09-05,N008,B0040,MED008,ORS Sachet,21,133.96,2813.16
S00583,2026-09-01,N003,B0015,MED009,Insulin Regular,20,109.19,2183.8
S00584,2026-04-25,N020,B0086,MED010,Salbutamol 4mg,17,36.39,618.63
S00585,2026-06-18,N016,B0063,MED005,Amlodipine 5mg,15,321.28,4819.2
S00586,2026-04-29,N001,B0002,MED001,Paracetamol 500mg,18,308.69,5556.42
S00587,2026-09-14,N018,B0076,MED011,Doxycycline 100mg,15,402.56,6038.4
S00588,2026-05-01,N013,B0052,MED012,Ibuprofen 400mg,21,390.16,8193.36
S00589,2026-08-07,N013,B0049,MED009,Insulin Regular,11,169.18,1860.98
S00590,2026-04-23,N005,B0028,MED009,Insulin Regular,16,417.52,6680.32
S00591,2026-05-19,N016,B0066,MED011,Doxycycline 100mg,5,144.7,723.5
S00592,2026-09-09,N016,B0061,MED003,Azithromycin 500mg,15,275.94,4139.1
S00593,2026-08-29,N009,B0048,MED008,ORS Sachet,11,57.45,631.95
S00594,2026-09-03,N008,B0041,MED006,Omeprazole 20mg,17,11.46,194.82
S00595,2026-04-12,N013,B0052,MED012,Ibuprofen 400mg,6,390.16,2340.96
S00596,2026-09-14,N013,B0052,MED012,Ibuprofen 400mg,8,390.16,3121.28
S00597,2026-06-04,N009,B0045,MED011,Doxycycline 100mg,15,374.57,5618.55
S00598,2026-05-13,N007,B0029,MED005,Amlodipine 5mg,17,33.27,565.59
S00599,2026-04-21,N003,B0016,MED012,Ibuprofen 400mg,6,235.26,1411.56
S00600,2026-06-23,N005,B0023,MED002,Amoxicillin 500mg,12,365.15,4381.8
